{
  "dataset_revision": "d3fb88f8f02e40887cd149695127462bbcf29b4a",
  "evaluation_time": 10.343024492263794,
  "kg_co2_emissions": 0.0021101557963238704,
  "mteb_version": "1.12.75",
  "scores": {
    "test": [
      {
        "cosine_pearson": 0.8819350216826278,
        "cosine_spearman": 0.8632485853672763,
        "euclidean_pearson": 0.8637667057585348,
        "euclidean_spearman": 0.8632485853672763,
        "hf_subset": "default",
        "languages": [
          "eng-Latn"
        ],
        "main_score": 0.8632485853672763,
        "manhattan_pearson": 0.8643454662224738,
        "manhattan_spearman": 0.864393189761117,
        "pearson": 0.8819350216826278,
        "spearman": 0.8632485853672763
      }
    ]
  },
  "task_name": "BIOSSES"
}