{
  "dataset_revision": "47f2ac6acb640fc46020b02a5b59fdda04d39380",
  "evaluation_time": 20393.66537642479,
  "kg_co2_emissions": 7.219504495375772,
  "mteb_version": "1.12.75",
  "scores": {
    "test": [
      {
        "hf_subset": "default",
        "languages": [
          "eng-Latn"
        ],
        "main_score": 0.30914,
        "map_at_1": 0.12878,
        "map_at_10": 0.22126,
        "map_at_100": 0.24343,
        "map_at_1000": 0.24532,
        "map_at_20": 0.23381,
        "map_at_3": 0.18417,
        "map_at_5": 0.20335,
        "mrr_at_1": 0.28013029315960913,
        "mrr_at_10": 0.4033796080864488,
        "mrr_at_100": 0.4128157450918554,
        "mrr_at_1000": 0.41317451300595254,
        "mrr_at_20": 0.40998316625460896,
        "mrr_at_3": 0.365906623235613,
        "mrr_at_5": 0.3883496199782843,
        "nauc_map_at_1000_diff1": 0.24674655316354588,
        "nauc_map_at_1000_max": 0.3322968707251992,
        "nauc_map_at_1000_std": 0.12872621798271458,
        "nauc_map_at_100_diff1": 0.24688212613823787,
        "nauc_map_at_100_max": 0.33228713464255405,
        "nauc_map_at_100_std": 0.1282702840388439,
        "nauc_map_at_10_diff1": 0.2474365708744765,
        "nauc_map_at_10_max": 0.3211945339705856,
        "nauc_map_at_10_std": 0.11106659847497591,
        "nauc_map_at_1_diff1": 0.2860730093851687,
        "nauc_map_at_1_max": 0.2672024511081727,
        "nauc_map_at_1_std": 0.022576448404616273,
        "nauc_map_at_20_diff1": 0.2480752575012191,
        "nauc_map_at_20_max": 0.3310040316663295,
        "nauc_map_at_20_std": 0.12356216129315355,
        "nauc_map_at_3_diff1": 0.26442257875887076,
        "nauc_map_at_3_max": 0.3091501387830729,
        "nauc_map_at_3_std": 0.08078287197026418,
        "nauc_map_at_5_diff1": 0.25448815423765286,
        "nauc_map_at_5_max": 0.3137490862334219,
        "nauc_map_at_5_std": 0.09754544624619094,
        "nauc_mrr_at_1000_diff1": 0.20634464961672308,
        "nauc_mrr_at_1000_max": 0.29545661643852494,
        "nauc_mrr_at_1000_std": 0.14354521918426846,
        "nauc_mrr_at_100_diff1": 0.2061585499991434,
        "nauc_mrr_at_100_max": 0.2955382869714775,
        "nauc_mrr_at_100_std": 0.14367778640436438,
        "nauc_mrr_at_10_diff1": 0.20373816612689558,
        "nauc_mrr_at_10_max": 0.29425779649383454,
        "nauc_mrr_at_10_std": 0.14266374214791472,
        "nauc_mrr_at_1_diff1": 0.23614737329291574,
        "nauc_mrr_at_1_max": 0.2648582030720265,
        "nauc_mrr_at_1_std": 0.08480425235382674,
        "nauc_mrr_at_20_diff1": 0.20632479203577328,
        "nauc_mrr_at_20_max": 0.29559461689379035,
        "nauc_mrr_at_20_std": 0.14425029913411175,
        "nauc_mrr_at_3_diff1": 0.21062039632505333,
        "nauc_mrr_at_3_max": 0.2897592872540938,
        "nauc_mrr_at_3_std": 0.1331561574266152,
        "nauc_mrr_at_5_diff1": 0.20589469214231496,
        "nauc_mrr_at_5_max": 0.2924885047782375,
        "nauc_mrr_at_5_std": 0.13921408326763002,
        "nauc_ndcg_at_1000_diff1": 0.21944881232417057,
        "nauc_ndcg_at_1000_max": 0.35010293962033334,
        "nauc_ndcg_at_1000_std": 0.1928104569386987,
        "nauc_ndcg_at_100_diff1": 0.21767134380386985,
        "nauc_ndcg_at_100_max": 0.3468287210262704,
        "nauc_ndcg_at_100_std": 0.18661134332512144,
        "nauc_ndcg_at_10_diff1": 0.2176877649680513,
        "nauc_ndcg_at_10_max": 0.3274973590918057,
        "nauc_ndcg_at_10_std": 0.15019182410183543,
        "nauc_ndcg_at_1_diff1": 0.23614737329291574,
        "nauc_ndcg_at_1_max": 0.2648582030720265,
        "nauc_ndcg_at_1_std": 0.08480425235382674,
        "nauc_ndcg_at_20_diff1": 0.22380579657263375,
        "nauc_ndcg_at_20_max": 0.3453796752009825,
        "nauc_ndcg_at_20_std": 0.17359748021926044,
        "nauc_ndcg_at_3_diff1": 0.23634458129623667,
        "nauc_ndcg_at_3_max": 0.3096460184586058,
        "nauc_ndcg_at_3_std": 0.11218351064907983,
        "nauc_ndcg_at_5_diff1": 0.22786235655238396,
        "nauc_ndcg_at_5_max": 0.31512683913111156,
        "nauc_ndcg_at_5_std": 0.12907082241860482,
        "nauc_precision_at_1000_diff1": -0.038351513865937666,
        "nauc_precision_at_1000_max": 0.11252972080388311,
        "nauc_precision_at_1000_std": 0.2216345887341715,
        "nauc_precision_at_100_diff1": 0.01076948996828468,
        "nauc_precision_at_100_max": 0.20036022854789112,
        "nauc_precision_at_100_std": 0.2560926901794197,
        "nauc_precision_at_10_diff1": 0.08705745385148314,
        "nauc_precision_at_10_max": 0.29072170717113377,
        "nauc_precision_at_10_std": 0.2428632417796408,
        "nauc_precision_at_1_diff1": 0.23614737329291574,
        "nauc_precision_at_1_max": 0.2648582030720265,
        "nauc_precision_at_1_std": 0.08480425235382674,
        "nauc_precision_at_20_diff1": 0.07992070135853177,
        "nauc_precision_at_20_max": 0.28347512106914136,
        "nauc_precision_at_20_std": 0.2695177617105859,
        "nauc_precision_at_3_diff1": 0.18106086606806016,
        "nauc_precision_at_3_max": 0.3236505141318404,
        "nauc_precision_at_3_std": 0.19704366482091554,
        "nauc_precision_at_5_diff1": 0.135172795150131,
        "nauc_precision_at_5_max": 0.3069351658628508,
        "nauc_precision_at_5_std": 0.2249187298511808,
        "nauc_recall_at_1000_diff1": 0.12617029217959533,
        "nauc_recall_at_1000_max": 0.3767770490011059,
        "nauc_recall_at_1000_std": 0.368569446604127,
        "nauc_recall_at_100_diff1": 0.1391162942934923,
        "nauc_recall_at_100_max": 0.3255144944695162,
        "nauc_recall_at_100_std": 0.2564280288939052,
        "nauc_recall_at_10_diff1": 0.16122187727577567,
        "nauc_recall_at_10_max": 0.3063989060612592,
        "nauc_recall_at_10_std": 0.17241702022187988,
        "nauc_recall_at_1_diff1": 0.2860730093851687,
        "nauc_recall_at_1_max": 0.2672024511081727,
        "nauc_recall_at_1_std": 0.022576448404616273,
        "nauc_recall_at_20_diff1": 0.16770635107553286,
        "nauc_recall_at_20_max": 0.3281355813305787,
        "nauc_recall_at_20_std": 0.21482374813515834,
        "nauc_recall_at_3_diff1": 0.22100985759660674,
        "nauc_recall_at_3_max": 0.29963866729566596,
        "nauc_recall_at_3_std": 0.10766859551427378,
        "nauc_recall_at_5_diff1": 0.19113979526198704,
        "nauc_recall_at_5_max": 0.2966017806817382,
        "nauc_recall_at_5_std": 0.13712146352405505,
        "ndcg_at_1": 0.28013,
        "ndcg_at_10": 0.30914,
        "ndcg_at_100": 0.39012,
        "ndcg_at_1000": 0.42158,
        "ndcg_at_20": 0.34308,
        "ndcg_at_3": 0.2495,
        "ndcg_at_5": 0.27166,
        "precision_at_1": 0.28013,
        "precision_at_10": 0.09792,
        "precision_at_100": 0.01841,
        "precision_at_1000": 0.00243,
        "precision_at_20": 0.06368,
        "precision_at_3": 0.1835,
        "precision_at_5": 0.14476,
        "recall_at_1": 0.12878,
        "recall_at_10": 0.37229,
        "recall_at_100": 0.6483,
        "recall_at_1000": 0.8211,
        "recall_at_20": 0.46792,
        "recall_at_3": 0.23191,
        "recall_at_5": 0.29073
      }
    ]
  },
  "task_name": "ClimateFEVER"
}