{
  "dataset_revision": "c0f706b76e590d620bd6618b3ca8efdd34e2d659",
  "evaluation_time": 33146.021027565,
  "kg_co2_emissions": 10.727413358428436,
  "mteb_version": "1.12.75",
  "scores": {
    "dev": [
      {
        "hf_subset": "default",
        "languages": [
          "eng-Latn"
        ],
        "main_score": 0.55304,
        "map_at_1": 0.11977,
        "map_at_10": 0.28265,
        "map_at_100": 0.39914,
        "map_at_1000": 0.41704,
        "map_at_20": 0.32679,
        "map_at_3": 0.19606,
        "map_at_5": 0.23645,
        "mrr_at_1": 0.7761194029850746,
        "mrr_at_10": 0.853731343283582,
        "mrr_at_100": 0.8547974413646054,
        "mrr_at_1000": 0.8548796478727518,
        "mrr_at_20": 0.8547974413646054,
        "mrr_at_3": 0.8507462686567165,
        "mrr_at_5": 0.853731343283582,
        "nauc_map_at_1000_diff1": 0.2407861281287644,
        "nauc_map_at_1000_max": 0.08478291270911308,
        "nauc_map_at_1000_std": -0.026582975091562155,
        "nauc_map_at_100_diff1": 0.2442097264304635,
        "nauc_map_at_100_max": 0.0828010974489549,
        "nauc_map_at_100_std": -0.0642455178191612,
        "nauc_map_at_10_diff1": 0.28085941759704236,
        "nauc_map_at_10_max": 0.0540888675958439,
        "nauc_map_at_10_std": -0.24596911114593767,
        "nauc_map_at_1_diff1": 0.3486288827417465,
        "nauc_map_at_1_max": 0.04021809278568388,
        "nauc_map_at_1_std": -0.3936690183587841,
        "nauc_map_at_20_diff1": 0.2785122349820158,
        "nauc_map_at_20_max": 0.06720603827283082,
        "nauc_map_at_20_std": -0.192613190204988,
        "nauc_map_at_3_diff1": 0.28120457942732074,
        "nauc_map_at_3_max": -0.00866701476415983,
        "nauc_map_at_3_std": -0.3404665860941995,
        "nauc_map_at_5_diff1": 0.2826877410609264,
        "nauc_map_at_5_max": 0.0229828723066158,
        "nauc_map_at_5_std": -0.3107450991377209,
        "nauc_mrr_at_1000_diff1": 0.7096109103841396,
        "nauc_mrr_at_1000_max": 0.6425258005057001,
        "nauc_mrr_at_1000_std": 0.15911598157737128,
        "nauc_mrr_at_100_diff1": 0.7096045361862129,
        "nauc_mrr_at_100_max": 0.6425194208701802,
        "nauc_mrr_at_100_std": 0.15948109717029363,
        "nauc_mrr_at_10_diff1": 0.7083943894846498,
        "nauc_mrr_at_10_max": 0.6453166180372547,
        "nauc_mrr_at_10_std": 0.1660579498194385,
        "nauc_mrr_at_1_diff1": 0.7185914833509632,
        "nauc_mrr_at_1_max": 0.6366979919283161,
        "nauc_mrr_at_1_std": 0.05508176324134426,
        "nauc_mrr_at_20_diff1": 0.7096045361862129,
        "nauc_mrr_at_20_max": 0.6425194208701802,
        "nauc_mrr_at_20_std": 0.15948109717029363,
        "nauc_mrr_at_3_diff1": 0.705104569867773,
        "nauc_mrr_at_3_max": 0.6391543007368974,
        "nauc_mrr_at_3_std": 0.16504969693477603,
        "nauc_mrr_at_5_diff1": 0.7083943894846498,
        "nauc_mrr_at_5_max": 0.6453166180372547,
        "nauc_mrr_at_5_std": 0.1660579498194385,
        "nauc_ndcg_at_1000_diff1": 0.4433281077618816,
        "nauc_ndcg_at_1000_max": 0.34615416576444746,
        "nauc_ndcg_at_1000_std": 0.18353782601426002,
        "nauc_ndcg_at_100_diff1": 0.4304735569949705,
        "nauc_ndcg_at_100_max": 0.3186592547040004,
        "nauc_ndcg_at_100_std": 0.08133128116329362,
        "nauc_ndcg_at_10_diff1": 0.4326280631116092,
        "nauc_ndcg_at_10_max": 0.32987318056270043,
        "nauc_ndcg_at_10_std": 0.07143906357887962,
        "nauc_ndcg_at_1_diff1": 0.6011608341233166,
        "nauc_ndcg_at_1_max": 0.5391491858368749,
        "nauc_ndcg_at_1_std": -0.06417256344958805,
        "nauc_ndcg_at_20_diff1": 0.43282692909579484,
        "nauc_ndcg_at_20_max": 0.27965581948584733,
        "nauc_ndcg_at_20_std": -0.025220179421796805,
        "nauc_ndcg_at_3_diff1": 0.4666806116421311,
        "nauc_ndcg_at_3_max": 0.3516428894843291,
        "nauc_ndcg_at_3_std": 0.026330108161732823,
        "nauc_ndcg_at_5_diff1": 0.4653971894154306,
        "nauc_ndcg_at_5_max": 0.3736796935762302,
        "nauc_ndcg_at_5_std": 0.056296337278680726,
        "nauc_precision_at_1000_diff1": -0.15071213078465692,
        "nauc_precision_at_1000_max": 0.02697453805060501,
        "nauc_precision_at_1000_std": 0.44496415458528915,
        "nauc_precision_at_100_diff1": -0.12888353575937292,
        "nauc_precision_at_100_max": 0.06390177039172955,
        "nauc_precision_at_100_std": 0.5001865653491788,
        "nauc_precision_at_10_diff1": -0.024164843064049094,
        "nauc_precision_at_10_max": 0.15848251210572054,
        "nauc_precision_at_10_std": 0.4515496609072988,
        "nauc_precision_at_1_diff1": 0.7185914833509632,
        "nauc_precision_at_1_max": 0.6366979919283161,
        "nauc_precision_at_1_std": 0.05508176324134426,
        "nauc_precision_at_20_diff1": -0.07554784397662281,
        "nauc_precision_at_20_max": 0.09299653319810108,
        "nauc_precision_at_20_std": 0.4734536870209506,
        "nauc_precision_at_3_diff1": 0.11381421096829582,
        "nauc_precision_at_3_max": 0.2043051881634711,
        "nauc_precision_at_3_std": 0.3202672883335176,
        "nauc_precision_at_5_diff1": 0.1353782559782073,
        "nauc_precision_at_5_max": 0.24501587853185883,
        "nauc_precision_at_5_std": 0.35041207719601336,
        "nauc_recall_at_1000_diff1": 0.23164754389374148,
        "nauc_recall_at_1000_max": 0.2799341748259613,
        "nauc_recall_at_1000_std": 0.403939298971639,
        "nauc_recall_at_100_diff1": 0.26382956281574294,
        "nauc_recall_at_100_max": 0.2535806397184249,
        "nauc_recall_at_100_std": 0.12482013409393446,
        "nauc_recall_at_10_diff1": 0.21711069063318617,
        "nauc_recall_at_10_max": 0.03848896264434862,
        "nauc_recall_at_10_std": -0.2328352407132597,
        "nauc_recall_at_1_diff1": 0.3486288827417465,
        "nauc_recall_at_1_max": 0.04021809278568388,
        "nauc_recall_at_1_std": -0.3936690183587841,
        "nauc_recall_at_20_diff1": 0.21835148679248112,
        "nauc_recall_at_20_max": 0.05101476293269658,
        "nauc_recall_at_20_std": -0.21795881845726528,
        "nauc_recall_at_3_diff1": 0.21474233490634898,
        "nauc_recall_at_3_max": -0.05022631597069782,
        "nauc_recall_at_3_std": -0.3054043397231185,
        "nauc_recall_at_5_diff1": 0.24132058761345263,
        "nauc_recall_at_5_max": 0.004028942404652323,
        "nauc_recall_at_5_std": -0.29651818225775317,
        "ndcg_at_1": 0.69403,
        "ndcg_at_10": 0.55304,
        "ndcg_at_100": 0.61284,
        "ndcg_at_1000": 0.6778,
        "ndcg_at_20": 0.53854,
        "ndcg_at_3": 0.62636,
        "ndcg_at_5": 0.58734,
        "precision_at_1": 0.77612,
        "precision_at_10": 0.42239,
        "precision_at_100": 0.12701,
        "precision_at_1000": 0.0184,
        "precision_at_20": 0.31045,
        "precision_at_3": 0.65174,
        "precision_at_5": 0.5403,
        "recall_at_1": 0.11977,
        "recall_at_10": 0.3394,
        "recall_at_100": 0.68673,
        "recall_at_1000": 0.88937,
        "recall_at_20": 0.44454,
        "recall_at_3": 0.21363,
        "recall_at_5": 0.2653
      }
    ],
    "test": [
      {
        "hf_subset": "default",
        "languages": [
          "eng-Latn"
        ],
        "main_score": 0.46602,
        "map_at_1": 0.08934,
        "map_at_10": 0.21913,
        "map_at_100": 0.32406,
        "map_at_1000": 0.34322,
        "map_at_20": 0.26198,
        "map_at_3": 0.14623,
        "map_at_5": 0.17841,
        "mrr_at_1": 0.7125,
        "mrr_at_10": 0.7899424603174603,
        "mrr_at_100": 0.7927973727661226,
        "mrr_at_1000": 0.7928360963207627,
        "mrr_at_20": 0.7917800428737928,
        "mrr_at_3": 0.7720833333333335,
        "mrr_at_5": 0.7855833333333334,
        "nauc_map_at_1000_diff1": 0.2642304850163455,
        "nauc_map_at_1000_max": 0.3792125003004656,
        "nauc_map_at_1000_std": 0.2791459324311541,
        "nauc_map_at_100_diff1": 0.27295269974550634,