{
  "dataset_revision": "b774495ed302d8c44a3a7ea25c90dbce03968f31",
  "evaluation_time": 9259.827350854874,
  "kg_co2_emissions": 3.441439130061753,
  "mteb_version": "1.12.75",
  "scores": {
    "test": [
      {
        "hf_subset": "default",
        "languages": [
          "eng-Latn"
        ],
        "main_score": 0.70272,
        "map_at_1": 0.46789,
        "map_at_10": 0.63405,
        "map_at_100": 0.64056,
        "map_at_1000": 0.64065,
        "map_at_20": 0.63854,
        "map_at_3": 0.5977,
        "map_at_5": 0.62052,
        "mrr_at_1": 0.522595596755504,
        "mrr_at_10": 0.6592683790395256,
        "mrr_at_100": 0.6633747652825392,
        "mrr_at_1000": 0.6634338418282434,
        "mrr_at_20": 0.6621277855663888,
        "mrr_at_3": 0.6339320200849737,
        "mrr_at_5": 0.650603514870606,
        "nauc_map_at_1000_diff1": 0.4320100992390576,
        "nauc_map_at_1000_max": 0.32945591641466593,
        "nauc_map_at_1000_std": -0.07982983840235036,
        "nauc_map_at_100_diff1": 0.43202212447891936,
        "nauc_map_at_100_max": 0.32956822867894053,
        "nauc_map_at_100_std": -0.0797225580662554,
        "nauc_map_at_10_diff1": 0.43196015778616537,
        "nauc_map_at_10_max": 0.33114379551350187,
        "nauc_map_at_10_std": -0.08250770029452054,
        "nauc_map_at_1_diff1": 0.45363835831991506,
        "nauc_map_at_1_max": 0.26615939096167374,
        "nauc_map_at_1_std": -0.08125527557923097,
        "nauc_map_at_20_diff1": 0.431757459532214,
        "nauc_map_at_20_max": 0.33003974695385196,
        "nauc_map_at_20_std": -0.0806209726311418,
        "nauc_map_at_3_diff1": 0.43163495251613426,
        "nauc_map_at_3_max": 0.3211737321737743,
        "nauc_map_at_3_std": -0.1001640434120017,
        "nauc_map_at_5_diff1": 0.4291851093158373,
        "nauc_map_at_5_max": 0.33044552035597574,
        "nauc_map_at_5_std": -0.08920298892052929,
        "nauc_mrr_at_1000_diff1": 0.4313987809884186,
        "nauc_mrr_at_1000_max": 0.3329691419001894,
        "nauc_mrr_at_1000_std": -0.058562188577316085,
        "nauc_mrr_at_100_diff1": 0.43140973212986783,
        "nauc_mrr_at_100_max": 0.33304728717262694,
        "nauc_mrr_at_100_std": -0.05850594553640772,
        "nauc_mrr_at_10_diff1": 0.4310726090713325,
        "nauc_mrr_at_10_max": 0.33499319620500073,
        "nauc_mrr_at_10_std": -0.05910791525240276,
        "nauc_mrr_at_1_diff1": 0.45667784135257766,
        "nauc_mrr_at_1_max": 0.29677033947566317,
        "nauc_mrr_at_1_std": -0.05710221519202215,
        "nauc_mrr_at_20_diff1": 0.4313735657151448,
        "nauc_mrr_at_20_max": 0.33377233887795715,
        "nauc_mrr_at_20_std": -0.05833118117589368,
        "nauc_mrr_at_3_diff1": 0.42613984497580326,
        "nauc_mrr_at_3_max": 0.33143363031231704,
        "nauc_mrr_at_3_std": -0.06586221928103177,
        "nauc_mrr_at_5_diff1": 0.42801134637171795,
        "nauc_mrr_at_5_max": 0.3367280933958669,
        "nauc_mrr_at_5_std": -0.06015191948047972,
        "nauc_ndcg_at_1000_diff1": 0.42853681061274673,
        "nauc_ndcg_at_1000_max": 0.34117375574208214,
        "nauc_ndcg_at_1000_std": -0.06542265171255394,
        "nauc_ndcg_at_100_diff1": 0.4288832017002299,
        "nauc_ndcg_at_100_max": 0.34406528293730454,
        "nauc_ndcg_at_100_std": -0.06290033865797283,
        "nauc_ndcg_at_10_diff1": 0.42694339598825043,
        "nauc_ndcg_at_10_max": 0.3532821660613287,
        "nauc_ndcg_at_10_std": -0.07165895789479268,
        "nauc_ndcg_at_1_diff1": 0.45738555614043047,
        "nauc_ndcg_at_1_max": 0.2965354974404588,
        "nauc_ndcg_at_1_std": -0.056473847566423624,
        "nauc_ndcg_at_20_diff1": 0.42721503701474556,
        "nauc_ndcg_at_20_max": 0.3495041949045549,
        "nauc_ndcg_at_20_std": -0.06485844911270355,
        "nauc_ndcg_at_3_diff1": 0.42157159058591753,
        "nauc_ndcg_at_3_max": 0.3361360867302354,
        "nauc_ndcg_at_3_std": -0.09848920497342632,
        "nauc_ndcg_at_5_diff1": 0.41916229362563634,
        "nauc_ndcg_at_5_max": 0.3523663077392773,
        "nauc_ndcg_at_5_std": -0.08260630269011472,
        "nauc_precision_at_1000_diff1": -0.14275336632075034,
        "nauc_precision_at_1000_max": 0.011155409637151949,
        "nauc_precision_at_1000_std": 0.1674699292792943,
        "nauc_precision_at_100_diff1": -0.11965586828551494,
        "nauc_precision_at_100_max": 0.04376393281035078,
        "nauc_precision_at_100_std": 0.1766757411698439,
        "nauc_precision_at_10_diff1": 0.03935566001694427,
        "nauc_precision_at_10_max": 0.20183158778768095,
        "nauc_precision_at_10_std": 0.10337807042628616,
        "nauc_precision_at_1_diff1": 0.45738555614043047,
        "nauc_precision_at_1_max": 0.2965354974404588,
        "nauc_precision_at_1_std": -0.056473847566423624,
        "nauc_precision_at_20_diff1": -0.03983302756327467,
        "nauc_precision_at_20_max": 0.13375835361934882,
        "nauc_precision_at_20_std": 0.14668177050751033,
        "nauc_precision_at_3_diff1": 0.2132772773784508,
        "nauc_precision_at_3_max": 0.2960441235926519,
        "nauc_precision_at_3_std": -0.02867120399461874,
        "nauc_precision_at_5_diff1": 0.1186252889418264,
        "nauc_precision_at_5_max": 0.2719014968803625,
        "nauc_precision_at_5_std": 0.04239681056810806,
        "nauc_recall_at_1000_diff1": 0.357171625975007,
        "nauc_recall_at_1000_max": 0.9134412963844583,
        "nauc_recall_at_1000_std": 0.7754769686080445,
        "nauc_recall_at_100_diff1": 0.4535273906166012,
        "nauc_recall_at_100_max": 0.7274618987402182,
        "nauc_recall_at_100_std": 0.3284639655502719,
        "nauc_recall_at_10_diff1": 0.3946593166406278,
        "nauc_recall_at_10_max": 0.4739749356404829,
        "nauc_recall_at_10_std": -0.05957452241791789,
        "nauc_recall_at_1_diff1": 0.45363835831991506,
        "nauc_recall_at_1_max": 0.26615939096167374,
        "nauc_recall_at_1_std": -0.08125527557923097,
        "nauc_recall_at_20_diff1": 0.3901919035012469,
        "nauc_recall_at_20_max": 0.5133425494445785,
        "nauc_recall_at_20_std": 0.021003894694930938,
        "nauc_recall_at_3_diff1": 0.3792928890884404,
        "nauc_recall_at_3_max": 0.3620129129092336,
        "nauc_recall_at_3_std": -0.13083923092843736,
        "nauc_recall_at_5_diff1": 0.36228858622012705,
        "nauc_recall_at_5_max": 0.4233813249218224,
        "nauc_recall_at_5_std": -0.09656963374328328,
        "ndcg_at_1": 0.52231,
        "ndcg_at_10": 0.70272,
        "ndcg_at_100": 0.72752,
        "ndcg_at_1000": 0.72927,
        "ndcg_at_20": 0.71643,
        "ndcg_at_3": 0.63959,
        "ndcg_at_5": 0.67556,
        "precision_at_1": 0.52231,
        "precision_at_10": 0.10574,
        "precision_at_100": 0.01198,
        "precision_at_1000": 0.00121,
        "precision_at_20": 0.05627,
        "precision_at_3": 0.28177,
        "precision_at_5": 0.19067,
        "recall_at_1": 0.46789,
        "recall_at_10": 0.88207,
        "recall_at_100": 0.98542,
        "recall_at_1000": 0.99773,
        "recall_at_20": 0.93204,
        "recall_at_3": 0.72371,
        "recall_at_5": 0.80545
      }
    ]
  },
  "task_name": "NQ"
}