{
  "dataset_revision": "e4e08e0b7dbe3c8700f0daef558ff32256715259",
  "evaluation_time": 3527.4922523498535,
  "kg_co2_emissions": 0.9005039031289146,
  "mteb_version": "1.12.75",
  "scores": {
    "dev": [
      {
        "hf_subset": "default",
        "languages": [
          "eng-Latn"
        ],
        "main_score": 0.89528,
        "map_at_1": 0.71647,
        "map_at_10": 0.86099,
        "map_at_100": 0.86667,
        "map_at_1000": 0.86677,
        "map_at_20": 0.86508,
        "map_at_3": 0.83177,
        "map_at_5": 0.8505,
        "mrr_at_1": 0.8232,
        "mrr_at_10": 0.8843903174603182,
        "mrr_at_100": 0.8852594524883821,
        "mrr_at_1000": 0.8852646662803196,
        "mrr_at_20": 0.8850478163090786,
        "mrr_at_3": 0.8755000000000013,
        "mrr_at_5": 0.8818100000000004,
        "nauc_map_at_1000_diff1": 0.7635857029904151,
        "nauc_map_at_1000_max": 0.21551741775213643,
        "nauc_map_at_1000_std": -0.4554239914802627,
        "nauc_map_at_100_diff1": 0.7636760402425172,
        "nauc_map_at_100_max": 0.21513631851452616,
        "nauc_map_at_100_std": -0.4557382797302652,
        "nauc_map_at_10_diff1": 0.7661766652296472,
        "nauc_map_at_10_max": 0.20577487062606187,
        "nauc_map_at_10_std": -0.469277155050071,
        "nauc_map_at_1_diff1": 0.8062701028318481,
        "nauc_map_at_1_max": 0.14067729740436352,
        "nauc_map_at_1_std": -0.40146369342271365,
        "nauc_map_at_20_diff1": 0.7647612432954709,
        "nauc_map_at_20_max": 0.21255013550148566,
        "nauc_map_at_20_std": -0.4602050571967341,
        "nauc_map_at_3_diff1": 0.7744624251843799,
        "nauc_map_at_3_max": 0.1853912522113317,
        "nauc_map_at_3_std": -0.48535850344050924,
        "nauc_map_at_5_diff1": 0.7693543290263839,
        "nauc_map_at_5_max": 0.19581234990732263,
        "nauc_map_at_5_std": -0.4767305953833588,
        "nauc_mrr_at_1000_diff1": 0.7608232498090378,
        "nauc_mrr_at_1000_max": 0.2327097799343529,
        "nauc_mrr_at_1000_std": -0.42746296820343804,
        "nauc_mrr_at_100_diff1": 0.7608309632790299,
        "nauc_mrr_at_100_max": 0.2327063423600776,
        "nauc_mrr_at_100_std": -0.4274284073072667,
        "nauc_mrr_at_10_diff1": 0.7605170486468404,
        "nauc_mrr_at_10_max": 0.2333138362763253,
        "nauc_mrr_at_10_std": -0.42792584285173374,
        "nauc_mrr_at_1_diff1": 0.766637103529212,
        "nauc_mrr_at_1_max": 0.22822014235098537,
        "nauc_mrr_at_1_std": -0.4156201987897036,
        "nauc_mrr_at_20_diff1": 0.7609201104657999,
        "nauc_mrr_at_20_max": 0.2326631305946649,
        "nauc_mrr_at_20_std": -0.4275751086557764,
        "nauc_mrr_at_3_diff1": 0.7597491993159508,
        "nauc_mrr_at_3_max": 0.23165616236921752,
        "nauc_mrr_at_3_std": -0.43434364747238935,
        "nauc_mrr_at_5_diff1": 0.7609358838998678,
        "nauc_mrr_at_5_max": 0.23330311468014683,
        "nauc_mrr_at_5_std": -0.4302946040920545,
        "nauc_ndcg_at_1000_diff1": 0.7600237392809424,
        "nauc_ndcg_at_1000_max": 0.2263245549326101,
        "nauc_ndcg_at_1000_std": -0.43919598846537095,
        "nauc_ndcg_at_100_diff1": 0.7603166683100963,
        "nauc_ndcg_at_100_max": 0.2252998405799412,
        "nauc_ndcg_at_100_std": -0.4392336969733637,
        "nauc_ndcg_at_10_diff1": 0.7628141132910332,
        "nauc_ndcg_at_10_max": 0.21980058566861477,
        "nauc_ndcg_at_10_std": -0.4648567028988063,
        "nauc_ndcg_at_1_diff1": 0.766637103529212,
        "nauc_ndcg_at_1_max": 0.22739707772865456,
        "nauc_ndcg_at_1_std": -0.41444439218637386,
        "nauc_ndcg_at_20_diff1": 0.7629073782011895,
        "nauc_ndcg_at_20_max": 0.22168812200135726,
        "nauc_ndcg_at_20_std": -0.44971832588546967,
        "nauc_ndcg_at_3_diff1": 0.7612666050681759,
        "nauc_ndcg_at_3_max": 0.21883167347420868,
        "nauc_ndcg_at_3_std": -0.47197655540252065,
        "nauc_ndcg_at_5_diff1": 0.7627115702615561,
        "nauc_ndcg_at_5_max": 0.22038616907216577,
        "nauc_ndcg_at_5_std": -0.46571665045785415,
        "nauc_precision_at_1000_diff1": -0.45758876410965627,
        "nauc_precision_at_1000_max": 0.050774105375854764,
        "nauc_precision_at_1000_std": 0.32148339758838407,
        "nauc_precision_at_100_diff1": -0.4537452283589525,
        "nauc_precision_at_100_max": 0.04623690043744705,
        "nauc_precision_at_100_std": 0.3116919588727204,
        "nauc_precision_at_10_diff1": -0.40642602017726454,
        "nauc_precision_at_10_max": 0.03607118058962129,
        "nauc_precision_at_10_std": 0.22939485928513087,
        "nauc_precision_at_1_diff1": 0.766637103529212,
        "nauc_precision_at_1_max": 0.22739707772865456,
        "nauc_precision_at_1_std": -0.41444439218637386,
        "nauc_precision_at_20_diff1": -0.43352528021718173,
        "nauc_precision_at_20_max": 0.03696390893221118,
        "nauc_precision_at_20_std": 0.27910479383661324,
        "nauc_precision_at_3_diff1": -0.22957128097298407,
        "nauc_precision_at_3_max": 0.06654570439948755,
        "nauc_precision_at_3_std": 0.05029300313877456,
        "nauc_precision_at_5_diff1": -0.3422440045975506,
        "nauc_precision_at_5_max": 0.04551610464872234,
        "nauc_precision_at_5_std": 0.15821403963910183,
        "nauc_recall_at_1000_diff1": 0.8692810457526368,
        "nauc_recall_at_1000_max": 0.5172656633277793,
        "nauc_recall_at_1000_std": 0.4375049454795194,
        "nauc_recall_at_100_diff1": 0.7921082613407167,
        "nauc_recall_at_100_max": 0.12674059819552652,
        "nauc_recall_at_100_std": -0.23700348773802307,
        "nauc_recall_at_10_diff1": 0.7507123997762182,
        "nauc_recall_at_10_max": 0.17435688246478767,
        "nauc_recall_at_10_std": -0.6263247062473054,
        "nauc_recall_at_1_diff1": 0.8062701028318481,
        "nauc_recall_at_1_max": 0.14067729740436352,
        "nauc_recall_at_1_std": -0.40146369342271365,
        "nauc_recall_at_20_diff1": 0.7828526774600224,
        "nauc_recall_at_20_max": 0.185667687728197,
        "nauc_recall_at_20_std": -0.5777120803795905,
        "nauc_recall_at_3_diff1": 0.7513870934564757,
        "nauc_recall_at_3_max": 0.15941764165289954,
        "nauc_recall_at_3_std": -0.5478709427453761,
        "nauc_recall_at_5_diff1": 0.7402535026210396,
        "nauc_recall_at_5_max": 0.16690567647147003,
        "nauc_recall_at_5_std": -0.5528983910462955,
        "ndcg_at_1": 0.8232,
        "ndcg_at_10": 0.89528,
        "ndcg_at_100": 0.90556,
        "ndcg_at_1000": 0.90609,
        "ndcg_at_20": 0.90156,
        "ndcg_at_3": 0.8691,
        "ndcg_at_5": 0.88396,
        "precision_at_1": 0.8232,
        "precision_at_10": 0.13554,
        "precision_at_100": 0.01502,
        "precision_at_1000": 0.00152,
        "precision_at_20": 0.07152,
        "precision_at_3": 0.38253,
        "precision_at_5": 0.25064,
        "recall_at_1": 0.71647,
        "recall_at_10": 0.96393,
        "recall_at_100": 0.99749,
        "recall_at_1000": 0.99995,
        "recall_at_20": 0.98346,
        "recall_at_3": 0.8881,
        "recall_at_5": 0.93094
      }
    ],
    "test": [
      {
        "hf_subset": "default",
        "languages": [
          "eng-Latn"
        ],
        "main_score": 0.89466,
        "map_at_1": 0.71652,
        "map_at_10": 0.85953,
        "map_at_100": 0.86576,
        "map_at_1000": 0.86587,
        "map_at_20": 0.86366,
        "map_at_3": 0.83055,
        "map_at_5": 0.8489,
        "mrr_at_1": 0.8243,
        "mrr_at_10": 0.8847651984126965,
        "mrr_at_100": 0.8855989871086128,
        "mrr_at_1000": 0.885603557497541,
        "mrr_at_20": 0.885423468403799,
        "mrr_at_3": 0.8759333333333316,
        "mrr_at_5": 0.8821433333333305,
        "nauc_map_at_1000_diff1": 0.7676199250024789,
        "nauc_map_at_1000_max": 0.21652311701135785,
        "nauc_map_at_1000_std": -0.418904716194688,
        "nauc_map_at_100_diff1": 0.767693412261642,