{
  "dataset_revision": "d66bd1f72af766a5cc4b0ca5e00c162f89e8cc46",
  "evaluation_time": 78.23427319526672,
  "kg_co2_emissions": 0.019269740643796142,
  "mteb_version": "1.12.75",
  "scores": {
    "test": [
      {
        "cosine_accuracy": 0.9972079207920792,
        "cosine_accuracy_threshold": 0.793587327003479,
        "cosine_ap": 0.9300089602718012,
        "cosine_f1": 0.8506355932203389,
        "cosine_f1_threshold": 0.793587327003479,
        "cosine_precision": 0.9042792792792793,
        "cosine_recall": 0.803,
        "dot_accuracy": 0.9972079207920792,
        "dot_accuracy_threshold": 0.7935881614685059,
        "dot_ap": 0.9300096192237419,
        "dot_f1": 0.8506355932203389,
        "dot_f1_threshold": 0.7935881614685059,
        "dot_precision": 0.9042792792792793,
        "dot_recall": 0.803,
        "euclidean_accuracy": 0.9972079207920792,
        "euclidean_accuracy_threshold": 0.6425146460533142,
        "euclidean_ap": 0.9300089602718012,
        "euclidean_f1": 0.8506355932203389,
        "euclidean_f1_threshold": 0.6425146460533142,
        "euclidean_precision": 0.9042792792792793,
        "euclidean_recall": 0.803,
        "hf_subset": "default",
        "languages": [
          "eng-Latn"
        ],
        "main_score": 0.9334758694247648,
        "manhattan_accuracy": 0.9972772277227723,
        "manhattan_accuracy_threshold": 32.16129684448242,
        "manhattan_ap": 0.9334758694247648,
        "manhattan_f1": 0.8545931758530184,
        "manhattan_f1_threshold": 32.587955474853516,
        "manhattan_precision": 0.8994475138121547,
        "manhattan_recall": 0.814,
        "max_accuracy": 0.9972772277227723,
        "max_ap": 0.9334758694247648,
        "max_f1": 0.8545931758530184,
        "max_precision": 0.9042792792792793,
        "max_recall": 0.814,
        "similarity_accuracy": 0.9972079207920792,
        "similarity_accuracy_threshold": 0.793587327003479,
        "similarity_ap": 0.9300089602718012,
        "similarity_f1": 0.8506355932203389,
        "similarity_f1_threshold": 0.793587327003479,
        "similarity_precision": 0.9042792792792793,
        "similarity_recall": 0.803
      }
    ],
    "validation": [
      {
        "cosine_accuracy": 0.9975940594059406,
        "cosine_accuracy_threshold": 0.7638183832168579,
        "cosine_ap": 0.9440104634546794,
        "cosine_f1": 0.8788321167883212,
        "cosine_f1_threshold": 0.7523696422576904,
        "cosine_precision": 0.8559241706161137,
        "cosine_recall": 0.903,
        "dot_accuracy": 0.9975940594059406,
        "dot_accuracy_threshold": 0.7638188600540161,
        "dot_ap": 0.9440130424763409,
        "dot_f1": 0.8788321167883212,
        "dot_f1_threshold": 0.7523697018623352,
        "dot_precision": 0.8559241706161137,
        "dot_recall": 0.903,
        "euclidean_accuracy": 0.9975940594059406,
        "euclidean_accuracy_threshold": 0.6872868537902832,
        "euclidean_ap": 0.9440104634546793,
        "euclidean_f1": 0.8788321167883212,
        "euclidean_f1_threshold": 0.7037477493286133,
        "euclidean_precision": 0.8559241706161137,
        "euclidean_recall": 0.903,
        "hf_subset": "default",
        "languages": [
          "eng-Latn"
        ],
        "main_score": 0.9476109431919147,
        "manhattan_accuracy": 0.9977227722772277,
        "manhattan_accuracy_threshold": 35.11280822753906,
        "manhattan_ap": 0.9476109431919147,
        "manhattan_f1": 0.8870333988212181,
        "manhattan_f1_threshold": 35.11280822753906,
        "manhattan_precision": 0.8716216216216216,
        "manhattan_recall": 0.903,
        "max_accuracy": 0.9977227722772277,
        "max_ap": 0.9476109431919147,
        "max_f1": 0.8870333988212181,
        "max_precision": 0.8716216216216216,
        "max_recall": 0.903,
        "similarity_accuracy": 0.9975940594059406,
        "similarity_accuracy_threshold": 0.7638183832168579,
        "similarity_ap": 0.9440104634546794,
        "similarity_f1": 0.8788321167883212,
        "similarity_f1_threshold": 0.7523696422576904,
        "similarity_precision": 0.8559241706161137,
        "similarity_recall": 0.903
      }
    ]
  },
  "task_name": "SprintDuplicateQuestions"
}