{
  "dataset_revision": "cda12ad7615edc362dbf25a00fdd61d3b1eaf93c",
  "evaluation_time": 17.36385440826416,
  "kg_co2_emissions": 0.0048570871169621764,
  "mteb_version": "1.12.75",
  "scores": {
    "test": [
      {
        "cosine_pearson": 0.40767579821319416,
        "cosine_spearman": 0.35653993808128315,
        "dot_pearson": 0.4076758302439657,
        "dot_spearman": 0.35653993808128315,
        "hf_subset": "default",
        "languages": [
          "eng-Latn"
        ],
        "main_score": 0.35653993808128315,
        "pearson": 0.40767579821319416,
        "spearman": 0.35653993808128315
      }
    ]
  },
  "task_name": "SummEvalSummarization.v2"
}