{
  "dataset_revision": "cda12ad7615edc362dbf25a00fdd61d3b1eaf93c",
  "evaluation_time": 17.14750838279724,
  "kg_co2_emissions": 0.004760865849463771,
  "mteb_version": "1.12.75",
  "scores": {
    "test": [
      {
        "cosine_pearson": 0.307759534434471,
        "cosine_spearman": 0.30385319320589765,
        "dot_pearson": 0.30775955128179383,
        "dot_spearman": 0.30385319320589765,
        "hf_subset": "default",
        "languages": [
          "eng-Latn"
        ],
        "main_score": 0.30385319320589765,
        "pearson": 0.307759534434471,
        "spearman": 0.30385319320589765
      }
    ]
  },
  "task_name": "SummEval"
}