{
  "dataset_revision": "70970daeab8776df92f5ea462b6173c0b46fd2d1",
  "evaluation_time": 58.764063596725464,
  "kg_co2_emissions": 0.015287613784319285,
  "mteb_version": "1.12.75",
  "scores": {
    "test": [
      {
        "cosine_accuracy": 0.8826965488466353,
        "cosine_accuracy_threshold": 0.7665477395057678,
        "cosine_ap": 0.8108104134023336,
        "cosine_f1": 0.7381106647661008,
        "cosine_f1_threshold": 0.7360535860061646,
        "cosine_precision": 0.7252355487649605,
        "cosine_recall": 0.7514511873350923,
        "dot_accuracy": 0.8826965488466353,
        "dot_accuracy_threshold": 0.7665477991104126,
        "dot_ap": 0.8108104400255604,
        "dot_f1": 0.7381106647661008,
        "dot_f1_threshold": 0.7360533475875854,
        "dot_precision": 0.7252355487649605,
        "dot_recall": 0.7514511873350923,
        "euclidean_accuracy": 0.8826965488466353,
        "euclidean_accuracy_threshold": 0.6833041310310364,
        "euclidean_ap": 0.8108105180879845,
        "euclidean_f1": 0.7381106647661008,
        "euclidean_f1_threshold": 0.7265622615814209,
        "euclidean_precision": 0.7252355487649605,
        "euclidean_recall": 0.7514511873350923,
        "hf_subset": "default",
        "languages": [
          "eng-Latn"
        ],
        "main_score": 0.8108105180879845,
        "manhattan_accuracy": 0.882517732610121,
        "manhattan_accuracy_threshold": 34.0592155456543,
        "manhattan_ap": 0.8083507612356405,
        "manhattan_f1": 0.7351430667644901,
        "manhattan_f1_threshold": 37.078819274902344,
        "manhattan_precision": 0.6850501367365542,
        "manhattan_recall": 0.7931398416886544,
        "max_accuracy": 0.8826965488466353,
        "max_ap": 0.8108105180879845,
        "max_f1": 0.7381106647661008,
        "max_precision": 0.7252355487649605,
        "max_recall": 0.7931398416886544,
        "similarity_accuracy": 0.8826965488466353,
        "similarity_accuracy_threshold": 0.7665477395057678,
        "similarity_ap": 0.8108104134023336,
        "similarity_f1": 0.7381106647661008,
        "similarity_f1_threshold": 0.7360535860061646,
        "similarity_precision": 0.7252355487649605,
        "similarity_recall": 0.7514511873350923
      }
    ]
  },
  "task_name": "TwitterSemEval2015"
}