{
  "dataset_revision": "2000358ca161889fa9c082cb41daa8dcfb161a54",
  "evaluation_time": 6.723804473876953,
  "kg_co2_emissions": 0.0012927197183170546,
  "mteb_version": "1.12.75",
  "scores": {
    "test": [
      {
        "hf_subset": "default",
        "languages": [
          "eng-Latn"
        ],
        "main_score": 0.5923874153690145,
        "map": 0.5923874153690145,
        "mrr": 0.7207844171833091,
        "nAUC_map_diff1": 0.1434577134471057,
        "nAUC_map_max": 0.2588624244553634,
        "nAUC_map_std": 0.19675637519206374,
        "nAUC_mrr_diff1": 0.26882765078783677,
        "nAUC_mrr_max": 0.35755058301123566,
        "nAUC_mrr_std": 0.2240275952655896
      }
    ]
  },
  "task_name": "AskUbuntuDupQuestions"
}