{
  "dataset_revision": "d3fb88f8f02e40887cd149695127462bbcf29b4a",
  "evaluation_time": 0.6016712188720703,
  "kg_co2_emissions": 0.00011802355585509575,
  "mteb_version": "1.12.75",
  "scores": {
    "test": [
      {
        "cosine_pearson": 0.8405906173905284,
        "cosine_spearman": 0.824856144304402,
        "euclidean_pearson": 0.8230134839877158,
        "euclidean_spearman": 0.824856144304402,
        "hf_subset": "default",
        "languages": [
          "eng-Latn"
        ],
        "main_score": 0.824856144304402,
        "manhattan_pearson": 0.8215603764168267,
        "manhattan_spearman": 0.8251633802206434,
        "pearson": 0.8405906173905284,
        "spearman": 0.824856144304402
      }
    ]
  },
  "task_name": "BIOSSES"
}