{
  "dataset_revision": "59042f120c80e8afa9cdbb224f67076cec0fc9a7",
  "evaluation_time": 122.1872010231018,
  "kg_co2_emissions": 0.020681340167858893,
  "mteb_version": "1.12.75",
  "scores": {
    "test": [
      {
        "hf_subset": "default",
        "languages": [
          "eng-Latn"
        ],
        "main_score": 0.3024225458060609,
        "map": 0.3024225458060609,
        "mrr": 0.3112339436136273,
        "nAUC_map_diff1": 0.11542240442570231,
        "nAUC_map_max": -0.2436657761204446,
        "nAUC_map_std": -0.061576753879773474,
        "nAUC_mrr_diff1": 0.10799687521430118,
        "nAUC_mrr_max": -0.1928537472799428,
        "nAUC_mrr_std": -0.045963656528345165
      }
    ]
  },
  "task_name": "MindSmallReranking"
}