{
  "dataset_revision": "d66bd1f72af766a5cc4b0ca5e00c162f89e8cc46",
  "evaluation_time": 22.873839378356934,
  "kg_co2_emissions": 0.004203940970339431,
  "mteb_version": "1.12.75",
  "scores": {
    "test": [
      {
        "cosine_accuracy": 0.9974356435643564,
        "cosine_accuracy_threshold": 0.9120439291000366,
        "cosine_ap": 0.9313702348755108,
        "cosine_f1": 0.8683446272991286,
        "cosine_f1_threshold": 0.9038693904876709,
        "cosine_precision": 0.8414634146341463,
        "cosine_recall": 0.897,
        "dot_accuracy": 0.9974356435643564,
        "dot_accuracy_threshold": 0.9120438694953918,
        "dot_ap": 0.9313701739171509,
        "dot_f1": 0.8683446272991286,
        "dot_f1_threshold": 0.9038689136505127,
        "dot_precision": 0.8414634146341463,
        "dot_recall": 0.897,
        "euclidean_accuracy": 0.9974356435643564,
        "euclidean_accuracy_threshold": 0.4194188117980957,
        "euclidean_ap": 0.9313702348755108,
        "euclidean_f1": 0.8683446272991286,
        "euclidean_f1_threshold": 0.438476026058197,
        "euclidean_precision": 0.8414634146341463,
        "euclidean_recall": 0.897,
        "hf_subset": "default",
        "languages": [
          "eng-Latn"
        ],
        "main_score": 0.9313702348755108,
        "manhattan_accuracy": 0.9974356435643564,
        "manhattan_accuracy_threshold": 10.598981857299805,
        "manhattan_ap": 0.9309581234705857,
        "manhattan_f1": 0.8700451580531862,
        "manhattan_f1_threshold": 10.901309967041016,
        "manhattan_precision": 0.8731117824773413,
        "manhattan_recall": 0.867,
        "max_accuracy": 0.9974356435643564,
        "max_ap": 0.9313702348755108,
        "max_f1": 0.8700451580531862,
        "max_precision": 0.8731117824773413,
        "max_recall": 0.897,
        "similarity_accuracy": 0.9974356435643564,
        "similarity_accuracy_threshold": 0.9120439291000366,
        "similarity_ap": 0.9313702348755108,
        "similarity_f1": 0.8683446272991286,
        "similarity_f1_threshold": 0.9038693904876709,
        "similarity_precision": 0.8414634146341463,
        "similarity_recall": 0.897
      }
    ],
    "validation": [
      {
        "cosine_accuracy": 0.9976732673267327,
        "cosine_accuracy_threshold": 0.9020702242851257,
        "cosine_ap": 0.9322754463244424,
        "cosine_f1": 0.8833746898263026,
        "cosine_f1_threshold": 0.9020702242851257,
        "cosine_precision": 0.8768472906403941,
        "cosine_recall": 0.89,
        "dot_accuracy": 0.9976732673267327,
        "dot_accuracy_threshold": 0.9020707607269287,
        "dot_ap": 0.9322781218066143,
        "dot_f1": 0.8833746898263026,
        "dot_f1_threshold": 0.9020707607269287,
        "dot_precision": 0.8768472906403941,
        "dot_recall": 0.89,
        "euclidean_accuracy": 0.9976732673267327,
        "euclidean_accuracy_threshold": 0.44256022572517395,
        "euclidean_ap": 0.9322754463244421,
        "euclidean_f1": 0.8833746898263026,
        "euclidean_f1_threshold": 0.44256022572517395,
        "euclidean_precision": 0.8768472906403941,
        "euclidean_recall": 0.89,
        "hf_subset": "default",
        "languages": [
          "eng-Latn"
        ],
        "main_score": 0.9322781218066143,
        "manhattan_accuracy": 0.9976930693069307,
        "manhattan_accuracy_threshold": 11.211023330688477,
        "manhattan_ap": 0.9318280549916977,
        "manhattan_f1": 0.8842523596621956,
        "manhattan_f1_threshold": 11.238418579101562,
        "manhattan_precision": 0.87857847976308,
        "manhattan_recall": 0.89,
        "max_accuracy": 0.9976930693069307,
        "max_ap": 0.9322781218066143,
        "max_f1": 0.8842523596621956,
        "max_precision": 0.87857847976308,
        "max_recall": 0.89,
        "similarity_accuracy": 0.9976732673267327,
        "similarity_accuracy_threshold": 0.9020702242851257,
        "similarity_ap": 0.9322754463244424,
        "similarity_f1": 0.8833746898263026,
        "similarity_f1_threshold": 0.9020702242851257,
        "similarity_precision": 0.8768472906403941,
        "similarity_recall": 0.89
      }
    ]
  },
  "task_name": "SprintDuplicateQuestions"
}