{
  "dataset_revision": "e185fbe320c72810689fc5848eb6114e1ef5ec69",
  "evaluation_time": 71.90447235107422,
  "kg_co2_emissions": 0.013758056377144418,
  "mteb_version": "1.12.75",
  "scores": {
    "test": [
      {
        "hf_subset": "default",
        "languages": [
          "eng-Latn"
        ],
        "main_score": 0.5014002566167167,
        "map": 0.5014002566167167,
        "mrr": 0.5094845513963161,
        "nAUC_map_diff1": 0.38645163593672427,
        "nAUC_map_max": 0.142753146779442,
        "nAUC_map_std": 0.07788234396399037,
        "nAUC_mrr_diff1": 0.3830879490104141,
        "nAUC_mrr_max": 0.14895811105762571,
        "nAUC_mrr_std": 0.07967074246545491
      }
    ]
  },
  "task_name": "StackOverflowDupQuestions"
}