{
  "dataset_revision": "ae752c7c21bf194d8b67fd573edf7ae58183cbe3",
  "evaluation_time": 5.864298343658447,
  "kg_co2_emissions": 0.0011094070862328932,
  "mteb_version": "1.12.75",
  "scores": {
    "test": [
      {
        "cosine_pearson": 0.8859750683369595,
        "cosine_spearman": 0.8930890072724876,
        "euclidean_pearson": 0.8836824125867303,
        "euclidean_spearman": 0.8930893057051443,
        "hf_subset": "default",
        "languages": [
          "eng-Latn"
        ],
        "main_score": 0.8930890072724876,
        "manhattan_pearson": 0.8829462354977731,
        "manhattan_spearman": 0.8924227236719525,
        "pearson": 0.8859750683369595,
        "spearman": 0.8930890072724876
      }
    ]
  },
  "task_name": "STS15"
}