{
  "dataset_revision": "b0fddb56ed78048fa8b90373c8a3cfc37b684831",
  "evaluation_time": 2.7316787242889404,
  "kg_co2_emissions": 0.0005232155444203719,
  "mteb_version": "1.12.75",
  "scores": {
    "test": [
      {
        "cosine_pearson": 0.8500912626745138,
        "cosine_spearman": 0.8729412528181398,
        "euclidean_pearson": 0.8658282241130973,
        "euclidean_spearman": 0.8729412528181398,
        "hf_subset": "default",
        "languages": [
          "eng-Latn"
        ],
        "main_score": 0.8729412528181398,
        "manhattan_pearson": 0.865344505975136,
        "manhattan_spearman": 0.8719871263036614,
        "pearson": 0.8500912626745138,
        "spearman": 0.8729412528181398
      }
    ]
  },
  "task_name": "STSBenchmark"
}