{
  "dataset_revision": "cda12ad7615edc362dbf25a00fdd61d3b1eaf93c",
  "evaluation_time": 5.772894620895386,
  "kg_co2_emissions": 0.0011969126439698905,
  "mteb_version": "1.12.75",
  "scores": {
    "test": [
      {
        "cosine_pearson": 0.2915010746230644,
        "cosine_spearman": 0.2964641278273856,
        "dot_pearson": 0.291501100997322,
        "dot_spearman": 0.2964641278273856,
        "hf_subset": "default",
        "languages": [
          "eng-Latn"
        ],
        "main_score": 0.2964641278273856,
        "pearson": 0.2915010746230644,
        "spearman": 0.2964641278273856
      }
    ]
  },
  "task_name": "SummEval"
}