{
  "dataset_revision": "70970daeab8776df92f5ea462b6173c0b46fd2d1",
  "evaluation_time": 15.830683946609497,
  "kg_co2_emissions": 0.002994083554773179,
  "mteb_version": "1.12.75",
  "scores": {
    "test": [
      {
        "cosine_accuracy": 0.8653513739047506,
        "cosine_accuracy_threshold": 0.9202063679695129,
        "cosine_ap": 0.7527717541778611,
        "cosine_f1": 0.6920585568078766,
        "cosine_f1_threshold": 0.9091591835021973,
        "cosine_precision": 0.6798167472639348,
        "cosine_recall": 0.7047493403693932,
        "dot_accuracy": 0.8653513739047506,
        "dot_accuracy_threshold": 0.9202065467834473,
        "dot_ap": 0.7527716909358579,
        "dot_f1": 0.6920585568078766,
        "dot_f1_threshold": 0.90915846824646,
        "dot_precision": 0.6798167472639348,
        "dot_recall": 0.7047493403693932,
        "euclidean_accuracy": 0.8653513739047506,
        "euclidean_accuracy_threshold": 0.39948374032974243,
        "euclidean_ap": 0.7527720779890283,
        "euclidean_f1": 0.6920585568078766,
        "euclidean_f1_threshold": 0.4262412190437317,
        "euclidean_precision": 0.6798167472639348,
        "euclidean_recall": 0.7047493403693932,
        "hf_subset": "default",
        "languages": [
          "eng-Latn"
        ],
        "main_score": 0.7527720779890283,
        "manhattan_accuracy": 0.864576503546522,
        "manhattan_accuracy_threshold": 10.250743865966797,
        "manhattan_ap": 0.7514344110046269,
        "manhattan_f1": 0.6905451672372926,
        "manhattan_f1_threshold": 10.745162963867188,
        "manhattan_precision": 0.6892744479495269,
        "manhattan_recall": 0.691820580474934,
        "max_accuracy": 0.8653513739047506,
        "max_ap": 0.7527720779890283,
        "max_f1": 0.6920585568078766,
        "max_precision": 0.6892744479495269,
        "max_recall": 0.7047493403693932,
        "similarity_accuracy": 0.8653513739047506,
        "similarity_accuracy_threshold": 0.9202063679695129,
        "similarity_ap": 0.7527717541778611,
        "similarity_f1": 0.6920585568078766,
        "similarity_f1_threshold": 0.9091591835021973,
        "similarity_precision": 0.6798167472639348,
        "similarity_recall": 0.7047493403693932
      }
    ]
  },
  "task_name": "TwitterSemEval2015"
}