{
  "dataset_revision": "8b6510b0b1fa4e4c4f879467980e9be563ec1cdf",
  "evaluation_time": 51.29840636253357,
  "kg_co2_emissions": 0.010200219526702928,
  "mteb_version": "1.12.75",
  "scores": {
    "test": [
      {
        "cosine_accuracy": 0.8901695967710638,
        "cosine_accuracy_threshold": 0.897763192653656,
        "cosine_ap": 0.8582919098599834,
        "cosine_f1": 0.7846313912009513,
        "cosine_f1_threshold": 0.888085126876831,
        "cosine_precision": 0.758259120942258,
        "cosine_recall": 0.8129042192793348,
        "dot_accuracy": 0.8901501921061823,
        "dot_accuracy_threshold": 0.8977725505828857,
        "dot_ap": 0.8582918617362384,
        "dot_f1": 0.7846313912009513,
        "dot_f1_threshold": 0.888084888458252,
        "dot_precision": 0.758259120942258,
        "dot_recall": 0.8129042192793348,
        "euclidean_accuracy": 0.8901695967710638,
        "euclidean_accuracy_threshold": 0.45218759775161743,
        "euclidean_ap": 0.858291845930112,
        "euclidean_f1": 0.7846313912009513,
        "euclidean_f1_threshold": 0.4731064736843109,
        "euclidean_precision": 0.758259120942258,
        "euclidean_recall": 0.8129042192793348,
        "hf_subset": "default",
        "languages": [
          "eng-Latn"
        ],
        "main_score": 0.8582919098599834,
        "manhattan_accuracy": 0.8900531687817751,
        "manhattan_accuracy_threshold": 11.578563690185547,
        "manhattan_ap": 0.85804352518546,
        "manhattan_f1": 0.7838451953382687,
        "manhattan_f1_threshold": 12.130827903747559,
        "manhattan_precision": 0.7479367743740384,
        "manhattan_recall": 0.8233754234678164,
        "max_accuracy": 0.8901695967710638,
        "max_ap": 0.8582919098599834,
        "max_f1": 0.7846313912009513,
        "max_precision": 0.758259120942258,
        "max_recall": 0.8233754234678164,
        "similarity_accuracy": 0.8901695967710638,
        "similarity_accuracy_threshold": 0.897763192653656,
        "similarity_ap": 0.8582919098599834,
        "similarity_f1": 0.7846313912009513,
        "similarity_f1_threshold": 0.888085126876831,
        "similarity_precision": 0.758259120942258,
        "similarity_recall": 0.8129042192793348
      }
    ]
  },
  "task_name": "TwitterURLCorpus"
}